TRUNCATE TABLE `kategori`;
INSERT INTO `kategori` (`id`, `kategori`, `label`, `keterangan`) VALUES
(1, 'news', 'Default', 'Default Kategori'),
(2, 'ekonomi', 'Ekonomi', 'Mengingat seringkali kebijakan ekonomi yang selalu digemborkan untuk menjaga stabilitas di tengah pandemi, kami mencoba mengumpulkan sebagian yang kami mampu.'),
(3, 'teknologi', 'Teknologi', 'Tak bisa dipungkiri, teknologi bertransformasi dan semakin intens diterapkan selama masa pandemi. Mengurangi kontak fisik namun semua kegiatan tetap dapat berjalan sebagaimana mustinya.'),
(4, 'covid', 'Covid-19', 'Pandemi yang dicanangkan sejak Maret 2020 ini memang sangat memukul perekonomian seluruh dunia. Oleh sebab itu kami kembali terpanggil untuk mengumpulkan dan mendokumentasikan berbagai berita dan cerita terkait Covid-19 ini.'),
(5, 'hoaks', 'Lawan Hoax!', 'Mari kita lawan hoax! Mari budayakan literasi sejak dini, sejak dini, mulai dari pola berpikir.');

TRUNCATE TABLE `link`;
INSERT INTO `link` (`id`, `id_sindikasi`, `id_kategori`, `judul`, `link`, `tanggal`, `ringkasan`, `md5`) VALUES
(1, 1, 1, 'Ahok: Nggak Usah Ngomongin Pelat Nomorlah, Susah Nanti', 'http://news.detik.com/read/2013/04/02/151109/2209451/10/ahok-nggak-usah-ngomongin-pelat-nomorlah-susah-nanti', '2013-04-02 01:48:54', '<img src=\"http://images.detik.com/content/2013/04/02/10/151222_ahokbatik2d.jpg\" align=\"left\" hspace=\"7\" width=\"100\" />Pemprov DKI Jakarta berniat membatalkan pembatasan kendaran dengan sistem nomor pelat genap-ganjil. Pemprov DKI lebih memilih sistem jalan berbayar elektronis alias Electronic Road Pricing (ERP). Alasannya, urusan nomor pelat susah dan ribet.', ''),
(2, 1, 1, 'Pesan Sabu 5 Kg, WN Iran Dipenjara Seumur Hidup', 'http://news.detik.com/read/2013/04/02/150538/2209434/10/pesan-sabu-5-kg-wn-iran-dipenjara-seumur-hidup', '2013-04-02 01:48:54', '<img src=\"http://images.detik.com/content/2013/04/02/10/150805_prancisnarkoba.jpg\" align=\"left\" hspace=\"7\" width=\"100\" />MA menguatkan vonis penjara seumur hidup atas WN Iran Abbas Bidmal Gharibali. Alhasil, pemesan sabu 5 kg ini harus mendekam di penjara hingga meninggal dunia.', NULL),
(3, 1, 1, '2 Pemulung di Kalideres Ditangkap Polisi karena Jadi Pelaku Curanmor', 'http://news.detik.com/read/2013/04/02/150913/2209441/10/2-pemulung-di-kalideres-ditangkap-polisi-karena-jadi-pelaku-curanmor', '2013-04-02 01:48:54', 'Polsek Kalideres berhasil menangkap dua pelaku pencurian motor di wilayahnya. Kedua pelaku yang bernama Supratono (20) dan Sigit Anto (30) ternyata bekerja sebagai pemulung.', NULL),
(4, 1, 1, 'Penambahan Waketum PD, Saan: Terserah Ketum Siapa yang Dipilih', 'http://news.detik.com/read/2013/04/02/150552/2209435/10/penambahan-waketum-pd-saan-terserah-ketum-siapa-yang-dipilih', '2013-04-02 01:48:54', '<img src=\"http://images.detik.com/content/2013/04/02/10/150832_saanmustopaelvandalam.jpg\" align=\"left\" hspace=\"7\" width=\"100\" />Di antara keputusan KLB PD adalah menambah jumlah wakil ketua umum. Salah satu nama yang muncul sebagai kandidat adalah Saan Mustopa. Namun Saan memasrahkan pemilihan kepada SBY selaku ketua umum.', NULL),
(5, 1, 1, 'Pemerkosa dan Perampok Guru SD di Ciputat Sudah Beristri dan Punya Bayi', 'http://news.detik.com/read/2013/04/02/150444/2209430/10/pemerkosa-dan-perampok-guru-sd-di-ciputat-sudah-beristri-dan-punya-bayi', '2013-04-02 01:48:54', 'Polisi telah meringkus Iskandar (43), pelaku pemerkosan dan perampokan guru SD di Ciputat. Iskandar telah memiliki seorang istri dan bayi yang berusia dua bulan.', NULL),
(6, 2, 4, 'UPDATE: Bertambah 3.509 Orang, Kasus Covid-19 Indonesia Capai 278.722', 'https://nasional.kompas.com/read/2020/09/28/15302041/update-bertambah-3509-orang-kasus-covid-19-indonesia-capai-278722?page=all', '2020-09-28 08:30:00', '<img src=\"https://asset.kompas.com/crops/WfWcpKLBDPDItCA7eIZ4RUNj830=/0x0:0x0/750x500/data/photo/2020/08/28/5f48b9b7acd4e.jpg\" align=\"left\" hspace=\"7\" width=\"100\" />\r\n\r\n<p>JAKARTA, KOMPAS.com - Pandemi Covid-19 di Indonesia saat ini dinilai berbagai pihak dalam tahap yang mengkhawatirkan setelah berjalan lebih dari enam bulan.</p>\r\n<p>Hingga saat ini, belum ada tanda-tanda bahwa tingkat penularan virus corona menurun. Ini terlihat dari data kasus Covid-19 yang dirilis pemerintah hingga hari ini, Senin (28/9/2020).</p>\r\n<p>Berdasarkan data pemerintah hingga Senin ini pukul 12.00 WIB, terdapat 3.509 kasus baru Covid-19 dalam 24 jam terakhir.</p>\r\n\r\n', 'a1c2411a71df84e02831d7f2de2898f6'),
(7, 1, 4, 'Pemerintah Periksa 37.158 Spesimen Corona pada 29 September', 'https://news.detik.com/berita/d-5192760/pemerintah-periksa-37158-spesimen-corona-pada-29-september', '2020-09-29 00:13:22', '<img src=\'https://akcdn.detik.net.id/community/media/visual/2020/09/28/ilustrasi-corona_169.jpeg\' width=100/>Jakarta - Pemerintah terus bekerja memeriksa spesimen terkait virus Corona (COVID-19) setiap harinya. Per hari ini, lebih dari 37 ribu spesimen Corona diperiksa pemerintah.</p>\r\n\r\n<p>Berdasarkan data Satgas Penanganan COVID-19, Selasa (29/9/2020), spesimen Corona yang diperiksa hari ini berjumlah 37.158. Data tersebut diambil per harinya setiap pukul 12.00 WIB.</p>\r\n\r\n<p>Dari pemeriksaan 37.158 spesimen, ditemukan 4.002 kasus baru COVID-19. Dengan adanya temuan tersebut, total kasus Corona di RI per hari ini berjumlah 282.724 kasus.</p>', 'b92844c3fcc4f7a8d805d626ec51a11a'),
(8, 2, 3, 'Kode Pemrograman Asli Windows XP Bocor dan Bisa Diakses Publik', 'https://tekno.kompas.com/read/2020/09/29/08440057/kode-pemrograman-asli-windows-xp-bocor-dan-bisa-diakses-publik', '2020-09-29 01:35:20', '<p><img src=\'https://asset.kompas.com/crops/Scbye8rMvISL6nQbFEl16mWKwD8=/82x0:757x450/750x500/data/photo/2019/08/28/5d66669926801.jpg\' width=100 />KOMPAS.com - Meski sudah berumur lebih dari 20 tahun dan dukungannya sudah disetop, sistem operasi (OS) ikonik besutan Microsoft, Windows XP masih jadi sasaran peretas dan pihak yang tak bertanggung jawab.</p>\r\n<p>Pasalnya, baru-baru ini seorang pengguna di forum 4chan menyebarkan unggahan berformat torrent yang berisikan satu set kode pemrograman lengkap, alias source code, dari Windows XP untuk pertama kalinya secara publik.</p>\r\n<p>Tak hanya Windows XP, di dalam file berukuran sekitar 43 GB ini, pengguna juga konon bisa menemukan source code dari beberapa OS Windows versi lawas, di antaranya seperti Windows 2000, Windows CE 5, Windows NT 4, dan masih banyak lagi.</p>', '27ccd5f55e79b57751cbf2d9415e99b2'),
(9, 5, 2, 'BI siap implementasi \"fast payment\" gantikan SKNBI pada 2021', 'https://www.antaranews.com/berita/1753649/bi-siap-implementasi-fast-payment-gantikan-sknbi-pada-2021', '2020-09-29 06:22:23', '<p><img src=\'https://img.antaranews.com/cache/800x533/2020/07/16/pery-warjiyo1.jpg.webp\' width=150 />\r\nJakarta (ANTARA) - Bank Indonesia (BI) siap mengimplementasikan penerapan fast payment tahap pertama sehingga transaksi akan lebih cepat dan menggantikan Sistem Kliring Nasional BI (SKNBI) mulai 2021.</p>\r\n\r\n<p>\"Dalam beberapa detik transaksinya akan selesai,\" kata Gubernur BI Perry Warjiyo dalam diskusi daring Infobank di Jakarta, Selasa.</p>', '2191bf677dbeb516a1e6676b24e204f7'),
(10, 2, 5, '[HOAKS] Kartu ATM BRI Berlogo GPN Akan Diblokir Otomatis', 'https://www.kompas.com/tren/read/2020/09/29/070000865/-hoaks-kartu-atm-bri-berlogo-gpn-akan-diblokir-otomatis-?page=all', '2020-09-29 07:11:11', '<p><img src=\'https://asset.kompas.com/crops/qikbIr7ES_lnZgNuKDiN8QArCRo=/0x0:996x664/750x500/data/photo/2019/11/18/5dd259e408de2.jpg\' alt=\'hoaks\' width=100/>KOMPAS.com - Beredar informasi di media sosial bahwa kartu ATM Bank BRI berlogo GPN berwarna biru segera diblokir secara otomatis oleh sistem. Karena itu, nasabah Bank Rakyat Indonesia (BRI) diminta mengganti kartu ATM berlogo GPN (Gerbang Pembayaran Nasional) berwarna biru ke kartu ATM berlogo Master Card.</p>\r\n<p>Bank BRI menegaskan, informasi penutupan secara otomatis itu tidak benar.</p>', '244bb7cf6cd4b8a18f9c970bace35f4a');

TRUNCATE TABLE `menu`;
INSERT INTO `menu` VALUES (1,'Beranda','https://kalamangga.com'),
	(2,'Tentang Kami','https://kalamangga.net'),
	(3,'Log Pengembangan','https://blog.kalamangga.web.id');

TRUNCATE TABLE `xml`;
INSERT INTO `xml` (`id`, `nama`, `url`, `judul`, `link`, `img`, `fetch`) VALUES
(1, 'detiknews', 'http://rss.detik.com/', 'DetikNews.Com - Situs Warta Era Digital', 'http://www.detiknews.com/', 'http://rss.detik.com/images/rsslogo_detiknews.gif', 1),
(2, 'KOMPAS.com', 'http://www.kompas.com/getrss/all', 'News and Service', 'http://www.kompas.com/', 'http://www.kompas.com/data/images/logo_kompas_putih.gif', 1),
(3, 'Tribunnews - RSS ', 'http://www.tribunnews.com/rss', 'Berita Terkini dari Tribunnews.com', 'http://www.tribunnews.com/', 'http://www.tribunnews.com/stylesheets/tribunnews_small.png', 1),
(4, 'SUMEKS ONLINE | Harian Pagi Sumatera Ekspres Palembang', 'http://www.sumeks.co.id/index.php?format=feed&type=rss', 'Harian Pagi Sumatera Ekspres Palembang | SUMEKS ONLINE', 'http://www.sumeks.co.id/index.php?option=com_content&amp;view=frontpage', '', 1),
(5, 'ANTARA News - Berita Top News', 'http://www.antaranews.com/rss/top-news', 'ANTARA News - Berita Top News', 'http://www.antaranews.com', '', 1);
